bin_low,bin_high,n,attack_rate,mean_confidence
0.0000,0.1000,0,,
0.1000,0.2000,0,,
0.2000,0.3000,0,,
0.3000,0.4000,0,,
0.4000,0.5000,0,,
0.5000,0.6000,0,,
0.6000,0.7000,568,0.026408,0.650000
0.7000,0.8000,0,,
0.8000,0.9000,1738,0.003452,0.850000
0.9000,1.0000,5694,0.424482,0.993985
